<?xml version="1.0" encoding="UTF-8"?>
<addon id="plugin.video.rlsscene" version="0.0.4" name="Rlsscene" provider-name="@MrEntertainRepo">
    <requires>
        <import addon="xbmc.python" version="2.1.0"/>
        <import addon="script.module.t0mm0.common" version="2.1.1"/>
        <import addon="script.module.urlresolver"  version="2.0.9"/>
        <import addon="script.module.simplejson" version="3.3.0"/>
    </requires>
    <extension point="xbmc.python.pluginsource" library="default.py">
        <provides>video</provides>
    </extension>
    <extension point="xbmc.addon.metadata">
        <summary>rlsscene [COLOR blue][B]THE ORIGINAL[/B][/COLOR] for all scene releases lovers free on demand streaming Debrid account not needed but dose make better</summary>
        <description>Play a wide selection of scene release movies and Tv shows from rlsscene for more info please go to www.entertainmentrepo.com</description>
        <platform>all</platform>
        <disclaimer lang="en"></disclaimer>
    </extension>
</addon>
